{"v":"5.5.7","meta":{"g":"LottieFiles AE 0.1.21","a":"","k":"","d":"","tc":""},"fr":30,"ip":0,"op":80,"w":500,"h":500,"nm":"Discord","ddd":0,"assets":[],"layers":[{"ddd":0,"ind":1,"ty":4,"nm":"logo","sr":1,"ks":{"o":{"a":0,"k":100,"ix":11},"r":{"a":1,"k":[{"i":{"x":[0.5],"y":[1]},"o":{"x":[0.5],"y":[0]},"t":8,"s":[0]},{"i":{"x":[0.5],"y":[1]},"o":{"x":[0.5],"y":[0]},"t":28,"s":[-8]},{"i":{"x":[0.5],"y":[1]},"o":{"x":[0.5],"y":[0]},"t":48,"s":[8]},{"t":68,"s":[0]}],"ix":10},"p":{"a":0,"k":[250,249.569,0],"ix":2},"a":{"a":0,"k":[100.25,69.141,0],"ix":1},"s":{"a":1,"k":[{"i":{"x":[0.5,0.5,0.667],"y":[1,1,1]},"o":{"x":[0.5,0.5,0.333],"y":[0,0,0]},"t":4,"s":[100,100,100]},{"i":{"x":[0.5,0.5,0.667],"y":[1,1,1]},"o":{"x":[0.5,0.5,0.333],"y":[0,0,0]},"t":24,"s":[85,85,100]},{"i":{"x":[0.5,0.5,0.667],"y":[1,1,1]},"o":{"x":[0.5,0.5,0.333],"y":[0,0,0]},"t":44,"s":[115,115,100]},{"t":64,"s":[100,100,100]}],"ix":6}},"ao":0,"shapes":[{"ty":"gr","it":[{"ind":0,"ty":"sh","ix":1,"ks":{"a":0,"k":{"i":[[-9.642,0],[0,10.035],[9.641,0],[0,0],[0,-10.035]],"o":[[9.643,0],[0,-9.968],[0,0],[-9.642,0],[0,9.954]],"v":[[0,18.138],[17.494,-0.034],[0.055,-18.138],[0,-18.097],[-17.494,0.047]],"c":true},"ix":2},"nm":"Path 1","mn":"ADBE Vector Shape - Group","hd":false},{"ty":"fl","c":{"a":0,"k":[0,0,0,1],"ix":4},"o":{"a":0,"k":100,"ix":5},"r":1,"bm":0,"nm":"Fill 1","mn":"ADBE Vector Graphic - Fill","hd":false},{"ty":"tr","p":{"a":0,"k":[68.408,79.115],"ix":2},"a":{"a":0,"k":[0,0],"ix":1},"s":{"a":0,"k":[100,100],"ix":3},"r":{"a":0,"k":0,"ix":6},"o":{"a":0,"k":100,"ix":7},"sk":{"a":0,"k":0,"ix":4},"sa":{"a":0,"k":0,"ix":5},"nm":"Transform"}],"nm":"Group 1","np":2,"cix":2,"bm":0,"ix":1,"mn":"ADBE Vector Group","hd":false},{"ty":"gr","it":[{"ind":0,"ty":"sh","ix":1,"ks":{"a":0,"k":{"i":[[-9.643,0],[0,10.035],[9.683,0],[0,0],[0.027,-10.035]],"o":[[9.642,0],[0,-9.968],[0,0],[-9.602,0],[0,9.954]],"v":[[0.001,18.138],[17.493,-0.034],[0.001,-18.138],[0.001,-18.097],[-17.493,0.047]],"c":true},"ix":2},"nm":"Path 1","mn":"ADBE Vector Shape - Group","hd":false},{"ty":"fl","c":{"a":0,"k":[0,0,0,1],"ix":4},"o":{"a":0,"k":100,"ix":5},"r":1,"bm":0,"nm":"Fill 1","mn":"ADBE Vector Graphic - Fill","hd":false},{"ty":"tr","p":{"a":0,"k":[131.033,79.115],"ix":2},"a":{"a":0,"k":[0,0],"ix":1},"s":{"a":0,"k":[100,100],"ix":3},"r":{"a":0,"k":0,"ix":6},"o":{"a":0,"k":100,"ix":7},"sk":{"a":0,"k":0,"ix":4},"sa":{"a":0,"k":0,"ix":5},"nm":"Transform"}],"nm":"Group 2","np":2,"cix":2,"bm":0,"ix":2,"mn":"ADBE Vector Group","hd":false},{"ty":"gr","it":[{"ind":0,"ty":"sh","ix":1,"ks":{"a":0,"k":{"i":[[0,0],[0,0],[0,0],[0,0],[-6.442,2.752],[-41.415,-20.397],[28.545,8.137],[0,0],[-22.349,-16.341],[0,-52.482],[37.795,-0.814],[4.557,6.32],[0,0],[5.37,-2.711],[8.259,-1.831],[20.749,8.421],[0,0],[-21.223,-6.347],[0,0],[0,0]],"o":[[24.857,-18.091],[0,0],[-30.418,7.256],[0,0],[40.969,-16.111],[0,0],[0,0],[3.946,0.014],[0,0],[-0.828,-1.004],[0,0],[22.104,-6.346],[-7.255,4.571],[-8.259,3.635],[-39.111,6.347],[0,0],[0,0],[-5.573,6.36],[-37.781,-0.894],[0,-52.563]],"v":[[-75.143,-50.8],[-27.245,-68.023],[-25.387,-66.192],[-69.596,-45.348],[-59.466,-49.904],[67.656,-44.452],[25.292,-65.296],[27.813,-67.778],[74.993,-50.692],[100,44.508],[46.691,67.914],[35.733,54.353],[66.11,35.313],[46.867,45.307],[22.077,52.563],[-59.738,39.87],[-66.83,36.263],[-37.348,55.303],[-48.441,68.89],[-100,44.399]],"c":true},"ix":2},"nm":"Path 1","mn":"ADBE Vector Shape - Group","hd":false},{"ty":"fl","c":{"a":0,"k":[1,1,1,1],"ix":4},"o":{"a":0,"k":100,"ix":5},"r":1,"bm":0,"nm":"Fill 1","mn":"ADBE Vector Graphic - Fill","hd":false},{"ty":"tr","p":{"a":0,"k":[100.25,69.141],"ix":2},"a":{"a":0,"k":[0,0],"ix":1},"s":{"a":0,"k":[100,100],"ix":3},"r":{"a":0,"k":0,"ix":6},"o":{"a":0,"k":100,"ix":7},"sk":{"a":0,"k":0,"ix":4},"sa":{"a":0,"k":0,"ix":5},"nm":"Transform"}],"nm":"Group 3","np":2,"cix":2,"bm":0,"ix":3,"mn":"ADBE Vector Group","hd":false}],"ip":0,"op":80,"st":0,"bm":0},{"ddd":0,"ind":3,"ty":4,"nm":"BG","sr":1,"ks":{"o":{"a":0,"k":100,"ix":11},"r":{"a":1,"k":[{"i":{"x":[0.5],"y":[1]},"o":{"x":[0.5],"y":[0]},"t":4,"s":[0]},{"i":{"x":[0.5],"y":[1]},"o":{"x":[0.5],"y":[0]},"t":24,"s":[-8]},{"i":{"x":[0.5],"y":[1]},"o":{"x":[0.5],"y":[0]},"t":44,"s":[8]},{"t":64,"s":[0]}],"ix":10},"p":{"a":0,"k":[250,250,0],"ix":2},"a":{"a":0,"k":[150.25,150.25,0],"ix":1},"s":{"a":1,"k":[{"i":{"x":[0.5,0.5,0.667],"y":[1,1,1]},"o":{"x":[0.5,0.5,0.333],"y":[0,0,0]},"t":0,"s":[100,100,100]},{"i":{"x":[0.5,0.5,0.667],"y":[1,1,1]},"o":{"x":[0.5,0.5,0.333],"y":[0,0,0]},"t":20,"s":[85,85,100]},{"i":{"x":[0.5,0.5,0.667],"y":[1,1,1]},"o":{"x":[0.5,0.5,0.333],"y":[0,0,0]},"t":40,"s":[115,115,100]},{"t":60,"s":[100,100,100]}],"ix":6}},"ao":0,"shapes":[{"ty":"gr","it":[{"ind":0,"ty":"sh","ix":1,"ks":{"a":0,"k":{"i":[[27.614,0],[0,0],[0,27.614],[0,0],[-27.614,0],[0,0],[0,-27.614],[0,0]],"o":[[0,0],[-27.614,0],[0,0],[0,-27.614],[0,0],[27.614,0],[0,0],[0,27.614]],"v":[[100,150],[-100,150],[-150,100],[-150,-100],[-100,-150],[100,-150],[150,-100],[150,100]],"c":true},"ix":2},"nm":"Path 1","mn":"ADBE Vector Shape - Group","hd":false},{"ty":"fl","c":{"a":0,"k":[0,0,0,1],"ix":4},"o":{"a":0,"k":100,"ix":5},"r":1,"bm":0,"nm":"Fill 1","mn":"ADBE Vector Graphic - Fill","hd":false},{"ty":"tr","p":{"a":0,"k":[150.25,150.25],"ix":2},"a":{"a":0,"k":[0,0],"ix":1},"s":{"a":0,"k":[100,100],"ix":3},"r":{"a":0,"k":0,"ix":6},"o":{"a":0,"k":100,"ix":7},"sk":{"a":0,"k":0,"ix":4},"sa":{"a":0,"k":0,"ix":5},"nm":"Transform"}],"nm":"Group 1","np":2,"cix":2,"bm":0,"ix":1,"mn":"ADBE Vector Group","hd":false}],"ip":0,"op":80,"st":0,"bm":0}],"markers":[]}